<?xml version="1.0" encoding="UTF-8"?>
<metadata xml:lang="es"><Esri><CreaDate>20120426</CreaDate><CreaTime>17101500</CreaTime><SyncOnce>TRUE</SyncOnce><DataProperties><lineage><Process ToolSource="C:\Archivos de programa\ArcGIS\Desktop10.0\ArcToolbox\Toolboxes\Data Management Tools.tbx\CalculateField" Date="20120411" Time="173921">CalculateField DistribucionEdad_Municipios Pob_Total [PAD_2C02] VB #</Process><Process ToolSource="C:\Archivos de programa\ArcGIS\Desktop10.0\ArcToolbox\Toolboxes\Data Management Tools.tbx\CalculateField" Date="20120411" Time="173931">CalculateField DistribucionEdad_Municipios de_0_a_4 [PAD_2C03] VB #</Process><Process ToolSource="C:\Archivos de programa\ArcGIS\Desktop10.0\ArcToolbox\Toolboxes\Data Management Tools.tbx\CalculateField" Date="20120411" Time="173943">CalculateField DistribucionEdad_Municipios de_5_a_9 [PAD_2C04] VB #</Process><Process ToolSource="C:\Archivos de programa\ArcGIS\Desktop10.0\ArcToolbox\Toolboxes\Data Management Tools.tbx\CalculateField" Date="20120411" Time="173952">CalculateField DistribucionEdad_Municipios de_10_a_14 [PAD_2C05] VB #</Process><Process ToolSource="C:\Archivos de programa\ArcGIS\Desktop10.0\ArcToolbox\Toolboxes\Data Management Tools.tbx\CalculateField" Date="20120411" Time="174002">CalculateField DistribucionEdad_Municipios de_15_a_19 [PAD_2C06] VB #</Process><Process ToolSource="C:\Archivos de programa\ArcGIS\Desktop10.0\ArcToolbox\Toolboxes\Data Management Tools.tbx\CalculateField" Date="20120411" Time="174016">CalculateField DistribucionEdad_Municipios de_20_a_24 [PAD_2C07] VB #</Process><Process ToolSource="C:\Archivos de programa\ArcGIS\Desktop10.0\ArcToolbox\Toolboxes\Data Management Tools.tbx\CalculateField" Date="20120411" Time="174026">CalculateField DistribucionEdad_Municipios de_25_a_29 [PAD_2C08] VB #</Process><Process ToolSource="C:\Archivos de programa\ArcGIS\Desktop10.0\ArcToolbox\Toolboxes\Data Management Tools.tbx\CalculateField" Date="20120411" Time="174037">CalculateField DistribucionEdad_Municipios de_30_a_34 [PAD_2C09] VB #</Process><Process ToolSource="C:\Archivos de programa\ArcGIS\Desktop10.0\ArcToolbox\Toolboxes\Data Management Tools.tbx\CalculateField" Date="20120411" Time="174050">CalculateField DistribucionEdad_Municipios de_35_a_39 [PAD_2C10] VB #</Process><Process ToolSource="C:\Archivos de programa\ArcGIS\Desktop10.0\ArcToolbox\Toolboxes\Data Management Tools.tbx\CalculateField" Date="20120411" Time="174100">CalculateField DistribucionEdad_Municipios de_40_a_44 [PAD_2C11] VB #</Process><Process ToolSource="C:\Archivos de programa\ArcGIS\Desktop10.0\ArcToolbox\Toolboxes\Data Management Tools.tbx\CalculateField" Date="20120411" Time="174109">CalculateField DistribucionEdad_Municipios de_45_a_49 [PAD_2C12] VB #</Process><Process ToolSource="C:\Archivos de programa\ArcGIS\Desktop10.0\ArcToolbox\Toolboxes\Data Management Tools.tbx\CalculateField" Date="20120411" Time="174124">CalculateField DistribucionEdad_Municipios de_50_a_54 [PAD_2C13] VB #</Process><Process ToolSource="C:\Archivos de programa\ArcGIS\Desktop10.0\ArcToolbox\Toolboxes\Data Management Tools.tbx\CalculateField" Date="20120411" Time="174136">CalculateField DistribucionEdad_Municipios de_55_a_59 [PAD_2C14] VB #</Process><Process ToolSource="C:\Archivos de programa\ArcGIS\Desktop10.0\ArcToolbox\Toolboxes\Data Management Tools.tbx\CalculateField" Date="20120411" Time="174147">CalculateField DistribucionEdad_Municipios de_60_a_64 [PAD_2C15] VB #</Process><Process ToolSource="C:\Archivos de programa\ArcGIS\Desktop10.0\ArcToolbox\Toolboxes\Data Management Tools.tbx\CalculateField" Date="20120411" Time="174156">CalculateField DistribucionEdad_Municipios de_65_a_69 [PAD_2C16] VB #</Process><Process ToolSource="C:\Archivos de programa\ArcGIS\Desktop10.0\ArcToolbox\Toolboxes\Data Management Tools.tbx\CalculateField" Date="20120411" Time="174208">CalculateField DistribucionEdad_Municipios de_70_a_74 [PAD_2C17] VB #</Process><Process ToolSource="C:\Archivos de programa\ArcGIS\Desktop10.0\ArcToolbox\Toolboxes\Data Management Tools.tbx\CalculateField" Date="20120411" Time="174219">CalculateField DistribucionEdad_Municipios de_75_a_79 [PAD_2C18] VB #</Process><Process ToolSource="C:\Archivos de programa\ArcGIS\Desktop10.0\ArcToolbox\Toolboxes\Data Management Tools.tbx\CalculateField" Date="20120411" Time="174230">CalculateField DistribucionEdad_Municipios de_80_a_84 [PAD_2C19] VB #</Process><Process ToolSource="C:\Archivos de programa\ArcGIS\Desktop10.0\ArcToolbox\Toolboxes\Data Management Tools.tbx\CalculateField" Date="20120411" Time="174245">CalculateField DistribucionEdad_Municipios mas_de_85 [PAD_2C20] VB #</Process></lineage><itemProps><itemLocation><linkage Sync="TRUE">file://\\ESSOP24\D\SERVICIOS_ONLINE_2012\Capas_simplificadas\Cataluña\Municipios_Cataluña\Municipios</linkage><protocol Sync="TRUE">Local Area Network</protocol></itemLocation></itemProps><copyHistory><copy source="D:\SERVICIOS_ONLINE_2012\Capas_simplificadas\Cataluña\Municipios\Municipios" dest="\\ESSOP24\D\SERVICIOS_ONLINE_2012\Capas_simplificadas\Cataluña\Municipios_Cataluña\Municipios" date="20120426" time="17101500"></copy></copyHistory></DataProperties></Esri></metadata>
